<assembly xmlns="http://maven.apache.org/plugins/maven-assembly-plugin/assembly/1.1.3"
    xmlns:xsi="http://www.w3.org/2001/XMLSchema-instance"
    xsi:schemaLocation="http://maven.apache.org/plugins/maven-assembly-plugin/assembly/1.1.3 http://maven.apache.org/xsd/assembly-1.1.3.xsd">
  <id>dist</id>
  <formats>
    <format>zip</format>
  </formats>
  <includeBaseDirectory>false</includeBaseDirectory>
  <fileSets>
    <fileSet>
      <directory>${project.basedir}</directory>
      <includes>
        <include>manifest.json</include> 	
      </includes>
    </fileSet>   
    <fileSet>
      <directory>${project.build.directory}</directory>
      <outputDirectory>\</outputDirectory>
      <includes>
        <include>book-service-1.0-SNAPSHOT.jar</include>
      </includes>
      <excludes>
        <exclude>*.zip</exclude>
      </excludes>
     </fileSet>
  </fileSets>
</assembly>