{
  "pageModelVersion": "18.2.3",
  "title": "My start page",
  "description": "The starting page of the flow",
  "variables": {
    "inventoryListServiceDataProvider": {
      "type": "vb/ServiceDataProvider",
      "defaultValue": {
        "endpoint": "businessObjects/getall_Inventory",
        "idAttribute": "id",
        "itemsPath": "items",
        "responseType": "flow:getallInventoryResponse"
      }
    }
  },
  "types": {},
  "chains": {},
  "eventListeners": {},
  "imports": {
    "components": {
      "oj-ext-mobile-page-template": {
        "path": "vb/components/mobile-page-template/loader"
      },
      "oj-list-view": {
        "path": "ojs/ojlistview"
      },
      "oj-vb-list-item": {
        "path": "vb/components/list-item/loader"
      }
    }
  }
}