{
    "flowModelVersion": "18.2.3",
    "id": "main",
    "description": "Flow main",
    "defaultPage": "main-start",
    "chains": {},
    "services": {},
    "types": {
        "getallInventoryResponse": {
            "items": [
                {
                    "id": "number",
                    "name": "string",
                    "variant": "string",
                    "quantity": "string",
                    "reserved": "string"
                }
            ]
        },
        "@decorators.getallInventoryResponse": {
            "endpoint": "getall_Inventory",
            "service": "businessObjects",
            "path": "response"
        },
        "createInventoryRequest": {
            "name": "string",
            "variant": "string",
            "quantity": "string",
            "reserved": "string"
        },
        "@decorators.createInventoryRequest": {
            "endpoint": "create_Inventory",
            "service": "businessObjects",
            "path": "request"
        },
        "businessObjectServiceErrorResponseType": {
            "body": {
                "status": "string",
                "title": "string",
                "o_errorDetails": [
                    {
                        "detail": "string",
                        "o_errorCode": "string"
                    }
                ]
            },
            "status": "number"
        },
        "updateInventoryRequest": {
            "name": "string",
            "variant": "string",
            "quantity": "string",
            "reserved": "string"
        },
        "@decorators.updateInventoryRequest": {
            "endpoint": "update_Inventory",
            "service": "businessObjects",
            "path": "request"
        }
      },
    "variables": {}
}