id,creationDate,lastUpdateDate,createdBy,lastUpdatedBy,name,variant,year,quantity,reserved
1,2018-06-28T20:37:49,2018-06-28T20:37:49,cloud.admin,cloud.admin,Fresh,Riesling,2014.0,150,20
2,2018-06-28T20:37:49,2018-06-28T20:37:49,cloud.admin,cloud.admin,Toast,Chardonnay,2015.0,200,40
3,2018-06-28T20:37:49,2018-06-28T20:37:49,cloud.admin,cloud.admin,Valley,Syrah,2016.0,125,5
4,2018-06-28T20:37:49,2018-06-28T20:37:49,cloud.admin,cloud.admin,Round,Merlot,2014.0,200,0
5,2018-06-28T20:37:49,2018-06-28T20:37:49,cloud.admin,cloud.admin,Earth,Pinot Noir,2014.0,150,25
6,2018-06-28T20:37:49,2018-06-28T20:37:49,cloud.admin,cloud.admin,Zeal,Sauvignon Blanc,2015.0,150,0
