{
    "fields": [
        {
            "id": "id",
            "internal": true,
            "key": true,
            "oid": "2c3ad0e7-eb44-4807-ba3e-75df937862d0",
            "required": true,
            "singularName": "Id",
            "type": "number",
            "unique": true
        },
        {
            "id": "creationDate",
            "internal": true,
            "oid": "39d9fd59-8562-4d10-b14b-9e13f0ed20fa",
            "singularName": "Created",
            "type": "datetime"
        },
        {
            "id": "lastUpdateDate",
            "internal": true,
            "oid": "1a3bc154-a9df-4e51-be3b-fafb54be8fd1",
            "singularName": "Last Updated",
            "type": "datetime"
        },
        {
            "id": "createdBy",
            "internal": true,
            "oid": "82ea1c1a-43ef-496b-928c-275a906b5117",
            "singularName": "Created By",
            "type": "string"
        },
        {
            "id": "lastUpdatedBy",
            "internal": true,
            "oid": "0bc840a9-b3ce-42b6-87a2-0fe21052b725",
            "singularName": "Last Updated By",
            "type": "string"
        },
        {
            "hidden": true,
            "id": "abcsChangeNumber",
            "internal": true,
            "oid": "fe57ef42-0b1b-42a2-84d0-a260d9dcaf14",
            "singularName": "<internal>",
            "type": "number"
        },
        {
            "id": "name",
            "oid": "8e0d20b1-cb4f-4624-b1da-868a94e558c0",
            "singularName": "name",
            "type": "string"
        },
        {
            "id": "variant",
            "oid": "882617f9-1cb9-4401-aee2-1b8d97e4e1c4",
            "singularName": "variant",
            "type": "string"
        },
        {
            "id": "year",
            "oid": "bce0d7d0-4df5-44a4-86dd-c4b3f8ec8782",
            "singularName": "year",
            "type": "number"
        },
        {
            "id": "quantity",
            "oid": "f88fd3ba-83d3-4b80-b297-a4e02c185687",
            "singularName": "quantity",
            "type": "string"
        },
        {
            "id": "reserved",
            "oid": "5a0bc14c-6b99-4394-be18-52286fe0bced",
            "singularName": "reserved",
            "type": "string"
        }
    ],
    "id": "Inventory",
    "oid": "c33cf6ff-3d87-436f-9067-8567821d213b",
    "singularName": "Inventory"
}