{
    "fields": [
        {
            "id": "id",
            "internal": true,
            "key": true,
            "oid": "2adb260e-4b98-40c1-95d9-5002cb5ed3d7",
            "required": true,
            "singularName": "Id",
            "type": "number",
            "unique": true
        },
        {
            "id": "creationDate",
            "internal": true,
            "oid": "4925e683-5b06-4b7b-a211-0467b34c6684",
            "singularName": "Created",
            "type": "datetime"
        },
        {
            "id": "lastUpdateDate",
            "internal": true,
            "oid": "f6176718-e023-4de5-8d5c-b2e3ca6c6356",
            "singularName": "Last Updated",
            "type": "datetime"
        },
        {
            "id": "createdBy",
            "internal": true,
            "oid": "be06d9d9-27c6-40b4-abb9-0702a1f0acf7",
            "singularName": "Created By",
            "type": "string"
        },
        {
            "id": "lastUpdatedBy",
            "internal": true,
            "oid": "b31de914-4ec0-40a7-ad6b-c24ba4c9daf7",
            "singularName": "Last Updated By",
            "type": "string"
        },
        {
            "hidden": true,
            "id": "abcsChangeNumber",
            "internal": true,
            "oid": "d93a0e3a-1ed4-4531-9c6f-a6c7749c31d6",
            "singularName": "<internal>",
            "type": "number"
        },
        {
            "id": "name",
            "oid": "7d1cc134-d1cb-4087-96ec-9dbab46a4548",
            "singularName": "name",
            "type": "string"
        },
        {
            "id": "variant",
            "oid": "b0a44164-0804-4f47-afb4-52bb13006f6c",
            "singularName": "variant",
            "type": "string"
        },
        {
            "id": "year",
            "oid": "861a2bc3-f5a1-4c9a-b9ef-677598a65b8a",
            "singularName": "year",
            "type": "number"
        },
        {
            "id": "quantity",
            "oid": "bfd6f12e-da3a-42c5-a9fc-9cc52a0c460e",
            "singularName": "quantity",
            "type": "string"
        },
        {
            "id": "reserved",
            "oid": "f837ae5b-371d-4f26-b049-0fc4846f8764",
            "singularName": "reserved",
            "type": "string"
        }
    ],
    "id": "Inventory",
    "oid": "4933f4c2-5c23-4ad7-9d31-6aa8b171846b",
    "singularName": "Inventory"
}