id,creationDate,lastUpdateDate,createdBy,lastUpdatedBy,name,variant,year,quantity,reserved
1,2018-06-22T16:08:42,2018-06-22T16:08:42,cloud.admin,cloud.admin,Fresh,Riesling,2014.0,150,20
2,2018-06-22T16:08:42,2018-06-22T16:08:42,cloud.admin,cloud.admin,Toast,Chardonnay,2015.0,200,40
3,2018-06-22T16:08:42,2018-06-22T16:08:42,cloud.admin,cloud.admin,Valley,Syrah,2016.0,125,5
4,2018-06-22T16:08:42,2018-06-22T16:08:42,cloud.admin,cloud.admin,Round,Merlot,2014.0,200,0
5,2018-06-22T16:08:42,2018-06-22T16:08:42,cloud.admin,cloud.admin,Earth,Pinot Noir,2014.0,150,25
6,2018-06-22T16:08:42,2018-06-22T16:08:42,cloud.admin,cloud.admin,Zeal,Sauvignon Blanc,2015.0,150,0
7,2018-06-22T21:58:53,2018-06-22T21:58:53.008,cloud.admin,cloud.admin,Ice,white,,50,0
8,2018-06-22T21:58:53,2018-06-22T21:58:53.005,cloud.admin,cloud.admin,Ice,white,,50,0
