{
    "flowModelVersion": "18.2.3",
    "id": "main",
    "description": "Flow main",
    "defaultPage": "main-start",
    "chains": {},
    "services": {},
    "types": {
        "getallInventoryResponse": {
            "items": [
                {
                    "id": "number",
                    "name": "string",
                    "variant": "string",
                    "quantity": "string",
                    "reserved": "string"
                }
            ]
        },
        "@decorators.getallInventoryResponse": {
            "endpoint": "getall_Inventory",
            "service": "businessObjects",
            "path": "response"
        }
      },
    "variables": {}
}