[
		{
		"uri": "/max-server/rest/v1.0/services/a2450cad-4e83-4060-89a4-3080eba1322a",
		"id": "a2450cad-4e83-4060-89a4-3080eba1322a",
		"name": "CRM",
		"version": "3.7",
		"description": "CRM data for the tutorial",
		"title": "CRM",
		"basePath": "/mobile/custom/CRM",
		"apiDefinition": [
					"#%RAML 0.8",					"title: CRM",					"version: 3.7",					"baseUri: \/mobile\/custom\/CRM",					"protocols: [HTTPS]",					"schemas:",					"  - account: |",					"      {",					"        \"$schema\": \"http:\/\/json-schema.org\/draft-04\/schema#\",",					"        \"id\": \"account\",",					"        \"type\": \"object\",",					"        \"properties\": {",					"          \"name\": {",					"            \"id\": \"name\",",					"            \"description\": \"The name of the account\",",					"            \"type\": \"string\"",					"          },",					"          \"website\": {",					"            \"id\": \"website\",",					"            \"description\": \"The website address for the account\",",					"            \"type\": \"string\"",					"          },",					"          \"region\": {",					"            \"id\": \"region\",",					"            \"description\": \"The region for the account as an enumerated type\",",					"            \"type\": \"string\",",					"            \"enum\": [\"IN\", \"NA\", \"SA\", \"AP\", \"EU\"]",					"          },",					"          \"address\": {",					"            \"id\": \"address\",",					"            \"description\": \"The address for the account\",",					"            \"type\": \"string\"",					"          },",					"          \"city\": {",					"            \"id\": \"city\",",					"            \"description\": \"The city for the account\",",					"            \"type\": \"string\"",					"          },",					"          \"state\": {",					"            \"id\": \"state\",",					"            \"description\": \"The state for the account\",",					"            \"type\": \"string\"",					"          },",					"          \"country\": {",					"            \"id\": \"country\",",					"            \"description\": \"The country for the account\",",					"            \"type\": \"string\"",					"          }",					"        }",					"      }",					"      ",					"  - getAccount: |",					"      {",					"        \"$schema\": \"http:\/\/json-schema.org\/draft-04\/schema#\",",					"        \"id\": \"getAccount\",",					"        \"type\": \"object\",",					"        \"allOf\": [",					"          {\"$ref\": \"account\"}",					"        ],",					"        \"properties\": {",					"          \"aid\": {",					"            \"id\": \"aid\",",					"            \"description\": \"The unique id of the account\",",					"            \"type\": \"string\"",					"          },",					"          \"formattedAddress\": {",					"            \"id\": \"formattedAddress\",",					"            \"description\": \"The formatted address for the account\",",					"            \"type\": \"string\"",					"          }",					"        }",					"      }",					"      ",					"  - getAccounts: |",					"      {",					"        \"$schema\": \"http:\/\/json-schema.org\/draft-04\/schema#\",",					"        \"id\": \"getAccounts\",",					"        \"type\": \"array\",",					"        \"items\": {",					"      \t\t\"properties\": {",					"      \t\t    \"aid\": {",					"      \t\t      \"id\": \"aid\",",					"      \t\t      \"description\": \"The unique id of the account\",",					"      \t\t      \"type\": \"string\"",					"      \t\t    },",					"                  \"name\": {",					"      \t\t\t    \"id\": \"name\",",					"      \t\t        \"description\": \"The name of the account\",",					"      \t\t\t\t\"type\": \"string\"",					"          \t\t},",					"      \t\t    \"region\": {",					"      \t\t      \"id\": \"region\",",					"      \t\t      \"description\": \"The region for the account as an enumerated type\",",					"      \t\t      \"type\": \"string\",",					"      \t\t      \"enum\": [\"IN\", \"NA\", \"SA\", \"AP\", \"EU\"]",					"      \t\t    },",					"          \t\t\"address\": {",					"            \t\t   \"id\": \"address\",",					"            \t       \"description\": \"The address for the account\",",					"            \t\t   \"type\": \"string\"",					"      \t\t    },",					"      \t\t    \"city\": {",					"      \t\t      \"id\": \"city\",",					"      \t\t      \"description\": \"The city for the account\",",					"      \t\t      \"type\": \"string\"",					"      \t\t    },",					"      \t\t    \"state\": {",					"      \t\t      \"id\": \"state\",",					"      \t\t      \"description\": \"The state for the account\",",					"      \t\t      \"type\": \"string\"",					"      \t\t    },",					"      \t\t    \"country\": {",					"      \t\t      \"id\": \"country\",",					"      \t\t      \"description\": \"The country for the account\",",					"      \t\t      \"type\": \"string\"",					"      \t\t    },",					"                  \"formattedAddress\": {",					"                     \"id\": \"formattedAddress\",",					"                     \"description\": \"The formatted address for the account\",",					"                     \"type\": \"string\"",					"                  }",					"              }",					"        }",					"      }",					"      ",					"  - getAccountOpportunities: |",					"      {",					"        \"$schema\": \"http:\/\/json-schema.org\/draft-04\/schema#\",",					"        \"id\": \"getAccountOpportunities\",",					"        \"type\": \"array\",",					"        \"items\": {",					"          \"$ref\": \"getOpportunities\"",					"        },",					"        \"links\": [",					"        {",					"          \"rel\": \"canonical\",",					"          \"href\": \"\/opportunities?aid={aid}\"",					"        }]  ",					"      }",					"      ",					"  - postAccount: |",					"      {",					"        \"$schema\": \"http:\/\/json-schema.org\/draft-04\/schema#\",",					"        \"id\": \"postAccount\",",					"        \"type\": \"object\",",					"         \"allOf\": [",					"          {\"$ref\": \"account\"}",					"        ],",					"        \"required\": [",					"          \"name\",",					"          \"region\"",					"        ]",					"      }",					"      ",					"  - patchAccount: |",					"      {",					"        \"$schema\": \"http:\/\/json-schema.org\/draft-04\/schema#\",",					"        \"id\": \"patchAccount\",",					"        \"type\": \"object\",",					"        \"allOf\": [",					"          {\"$ref\": \"account\"}",					"        ]",					"      }",					"      ",					"  - opportunity: |",					"      {",					"        \"$schema\": \"http:\/\/json-schema.org\/draft-04\/schema#\",",					"        \"id\": \"opportunity\",",					"        \"type\": \"object\",",					"        \"properties\": {",					"          \"desc\": {",					"            \"id\": \"desc\",",					"            \"description\": \"The description of the opportunity\",",					"            \"type\": \"string\"",					"          },",					"          \"region\": {",					"            \"id\": \"region\",",					"            \"description\": \"The region for the opportunity as an enumerated type\",",					"            \"type\": \"string\",",					"            \"enum\": [\"NA\", \"SA\", \"AP\", \"EU\"]",					"          },",					"          \"winpercent\": {",					"            \"id\": \"winpercent\",",					"            \"description\": \"The win percentage of the opportunity as an integer\",",					"            \"type\": \"integer\"",					"          },",					"          \"salesstage\": {",					"            \"id\": \"salesstage\",",					"            \"description\": \"The sales stage for the opportunity as an enumerated type\",",					"            \"type\": \"string\",",					"            \"enum\": [\"Prospect\", \"Appointment\", \"Qualification\", \"Presentation\", \"Discussion\", \"Closing\"]",					"          },",					"          \"revenue\": {",					"            \"id\": \"revenue\",",					"            \"description\": \"The revenue of the opportunity as an integer\",",					"            \"type\": \"integer\"",					"          },",					"          \"products\": {",					"            \"id\": \"products\",",					"            \"description\": \"The list of products for the opportunity as comma separated string\",",					"            \"type\": \"string\"",					"          },",					"          \"expectedclose\": {",					"            \"id\": \"expectedclose\",",					"            \"description\": \"The expected close date of the opportunity as a date\",",					"            \"type\": \"string\",",					"            \"format\": \"date-time\"",					"          }",					"        }",					"      }",					"      ",					"  - getOpportunity: |",					"      {",					"        \"$schema\": \"http:\/\/json-schema.org\/draft-04\/schema#\",",					"        \"id\": \"getOpportunity\",",					"        \"type\": \"object\",",					"        ",					"        \"allOf\": [",					"          {\"$ref\": \"opportunity\"}",					"        ],",					"        \"properties\": {",					"          \"oid\": {",					"            \"id\": \"oid\",",					"            \"description\": \"The unique id of the opportunity\",",					"            \"type\": \"string\"",					"          },",					"          \"aid\": {",					"            \"id\": \"aid\",",					"            \"description\": \"The unique id of the account this opportunity is associated to\",",					"            \"type\": \"string\"",					"          },",					"          \"createddate\": {",					"            \"id\": \"createddate\",",					"            \"description\": \"The created date of the opportunity as a date\",",					"            \"type\": \"string\",",					"            \"format\": \"date-time\"",					"          },",					"          \"account\": {",					"            \"$ref\": \"getAccount\",",					"            \"title\": \"Details of account for this opportunity\"",					"          }",					"        }",					"      }",					"      ",					"  - getOpportunities: |",					"      {",					"        \"$schema\": \"http:\/\/json-schema.org\/draft-04\/schema#\",",					"        \"id\": \"getOpportunities\",",					"        \"type\": \"array\",",					"        \"items\": {  ",					"          \"properties\": {",					"      \t    \"oid\": {",					"      \t      \"id\": \"oid\",",					"      \t      \"description\": \"The unique id of the opportunity\",",					"      \t      \"type\": \"string\"",					"      \t   \t},",					"      \t   \t\"aid\": {",					"      \t      \"id\": \"aid\",",					"      \t      \"description\": \"The unique id of the account this opportunity is associated to\",",					"      \t      \"type\": \"string\"",					"      \t   \t},",					"      \t    \"desc\": {",					"      \t      \"id\": \"desc\",",					"      \t      \"description\": \"The description of the opportunity\",",					"            \"type\": \"string\"",					"      \t    },",					"      \t    \"region\": {",					"      \t      \"id\": \"region\",",					"      \t      \"description\": \"The region for the opportunity as an enumerated type\",",					"      \t      \"type\": \"string\",",					"            \"enum\": [\"NA\", \"SA\", \"AP\", \"EU\"]",					"      \t    },",					"      \t    \"winpercent\": {",					"      \t      \"id\": \"winpercent\",",					"      \t      \"description\": \"The win percentage of the opportunity as an integer\",",					"      \t      \"type\": \"integer\"",					"      \t    },",					"      \t    \"salesstage\": {",					"      \t      \"id\": \"salesstage\",",					"      \t      \"description\": \"The sales stage for the opportunity as an enumerated type\",",					"      \t      \"type\": \"string\",",					"      \t      \"enum\": [\"Prospect\", \"Appointment\", \"Qualification\", \"Presentation\", \"Discussion\", \t\t\t\"Closing\"]",					"      \t    },",					"      \t    \"revenue\": {",					"      \t      \"id\": \"revenue\",",					"      \t      \"description\": \"The revenue of the opportunity as an integer\",",					"      \t      \"type\": \"integer\"",					"      \t    },",					"      \t    \"expectedclose\": {",					"      \t      \"id\": \"expectedclose\",",					"      \t      \"description\": \"The expected close date of the opportunity as a date\",",					"      \t      \"type\": \"string\",",					"      \t      \"format\": \"date-time\"",					"      \t    },",					"      \t    \"createddate\": {",					"      \t      \"id\": \"createddate\",",					"      \t      \"description\": \"The created date of the opportunity as a date\",",					"      \t      \"type\": \"string\",",					"      \t      \"format\": \"date-time\"",					"      \t    }",					"      \t}",					"        }",					"      }",					"      ",					"  - postOpportunity: |",					"      {",					"        \"$schema\": \"http:\/\/json-schema.org\/draft-04\/schema#\",",					"        \"id\": \"postOpportunity\",",					"        \"type\": \"object\",",					"         \"allOf\": [",					"          {\"$ref\": \"opportunity\"}",					"        ],",					"        \"required\": [",					"          \"desc\",",					"          \"region\"",					"        ]",					"      }",					"      ",					"  - patchOpportunity: |",					"      {",					"        \"$schema\": \"http:\/\/json-schema.org\/draft-04\/schema#\",",					"        \"id\": \"patchOpportunity\",",					"        \"type\": \"object\",",					"         \"allOf\": [",					"          {\"$ref\": \"opportunity\"}",					"        ]",					"      }",					"      ",					"  - note: |",					"      {",					"        \"$schema\": \"http:\/\/json-schema.org\/draft-04\/schema#\",",					"        \"id\": \"note\",",					"        \"type\": \"object\",",					"        \"properties\": {",					"         \"username\": {",					"            \"id\": \"username\",",					"            \"description\": \"The username of the creator of the note\",",					"            \"type\": \"string\"",					"          },",					"          \"comment\": {",					"            \"id\": \"comment\",",					"            \"description\": \"The note comments\",",					"            \"type\": \"string\"",					"          }",					"        }",					"      }",					"      ",					"  - getNote: |",					"      {",					"        \"$schema\": \"http:\/\/json-schema.org\/draft-04\/schema#\",",					"        \"id\": \"getNote\",",					"        \"type\": \"object\",",					"        \"allOf\": [",					"          {\"$ref\": \"note\"}",					"        ],",					"        \"properties\": {",					"          \"nid\": {",					"            \"id\": \"nid\",",					"            \"description\": \"The unique id of the note\",",					"            \"type\": \"string\"",					"          },",					"          \"aid\": {",					"            \"id\": \"aid\",",					"            \"description\": \"The unique id of the account associated with the note\",",					"            \"type\": \"string\"",					"          },",					"          \"oid\": {",					"            \"id\": \"oid\",",					"            \"description\": \"The unique id of the opportunity associated with the note\",",					"            \"type\": \"string\"",					"          },",					"          \"createddate\": {",					"            \"id\": \"createddate\",",					"            \"description\": \"The created date of the note as a date\",",					"            \"type\": \"string\",",					"            \"format\": \"date-time\"",					"          }",					"        }",					"      }",					"      ",					"  - getNotes: |",					"      {",					"        \"$schema\": \"http:\/\/json-schema.org\/draft-04\/schema#\",",					"        \"id\": \"getNotes\",",					"        \"type\": \"array\",",					"        \"items\": {",					"          \"$ref\": \"getNote\"",					"        }",					"      }",					"      ",					"  - getOpportunityNotes: |",					"      {",					"        \"$schema\": \"http:\/\/json-schema.org\/draft-04\/schema#\",",					"        \"id\": \"getOpportunityNotes\",",					"        \"type\": \"array\",",					"        \"items\": {",					"          \"$ref\": \"getNotes\"",					"        },",					"        \"links\": [",					"        {",					"          \"rel\": \"canonical\",",					"          \"href\": \"\/mobile\/custom\/CRM\/notes?oid={oid}\"",					"        }]  ",					"      }",					"      ",					"  - postNote: |",					"      {",					"        \"$schema\": \"http:\/\/json-schema.org\/draft-04\/schema#\",",					"        \"id\": \"postNote\",",					"        \"type\": \"object\",",					"         \"allOf\": [",					"          {\"$ref\": \"note\"}",					"        ],",					"        \"required\": [",					"          \"username\",\"comment\"",					"        ]",					"      }",					"      ",					"  - statistics: |",					"      {",					"        \"$schema\": \"http:\/\/json-schema.org\/draft-04\/schema#\",",					"        \"id\": \"statistics\",",					"        \"type\": \"object\",",					"        \"properties\": {",					"          \"revenue90d\": {",					"            \"id\": \"revenue90d\",",					"            \"description\": \"The amount of revenue targeted to close in the next 90 days as an integer\",",					"            \"type\": \"integer\"",					"          },",					"          \"revenue60d\": {",					"            \"id\": \"revenue60d\",",					"            \"description\": \"The amount of revenue targeted to close in the next 60 days as an integer\",",					"            \"type\": \"integer\"",					"          },",					"          \"revenue30d\": {",					"            \"id\": \"revenue30d\",",					"            \"description\": \"The amount of revenue targeted to close in the next 30 days as an integer\",",					"            \"type\": \"integer\"",					"          },",					"          \"count90d\": {",					"            \"id\": \"count90d\",",					"            \"description\": \"The count of opportunities targeted to close in the next 90 days as an integer\",",					"            \"type\": \"integer\"",					"          },",					"          \"count60d\": {",					"            \"id\": \"count60d\",",					"            \"description\": \"The count of opportunities targeted to close in the next 60 days as an integer\",",					"            \"type\": \"integer\"",					"          },",					"          \"count30d\": {",					"            \"id\": \"count30d\",",					"            \"description\": \"The count of opportunities targeted to close in the next 30 days as an integer\",",					"            \"type\": \"integer\"",					"          },",					"          \"countAP\": {",					"            \"id\": \"countAP\",",					"            \"description\": \"The count of opportunities in the Asia-Pac region as an integer\",",					"            \"type\": \"integer\"",					"          },",					"          \"countNA\": {",					"            \"id\": \"countNA\",",					"            \"description\": \"The count of opportunities in the North America region as an integer\",",					"            \"type\": \"integer\"",					"          },",					"          \"countSA\": {",					"            \"id\": \"countSA\",",					"            \"description\": \"The count of opportunities in the South America region as an integer\",",					"            \"type\": \"integer\"",					"          },",					"          \"countEU\": {",					"            \"id\": \"countEU\",",					"            \"description\": \"The count of opportunities in the European region as an integer\",",					"            \"type\": \"integer\"",					"          }",					"        }",					"      }",					"      ",					"\/accounts:",					"  displayName: Accounts",					"  get:",					"    description: |",					"      Returns a list of all Accounts",					"      ",					"    protocols: [HTTPS]",					"    queryParameters:",					"      region:",					"        displayName: region",					"        description: |",					"          Specify a region code to filter the data returned.  Valid codes are:  ",					"          \"NA\" - North America",					"          \"SA\" - South America",					"          \"AP\" - Asia-Pacific",					"          \"EU\" - Europe",					"          \"IN\" - International",					"          ",					"        type: string",					"        example: |",					"          NA",					"          ",					"      search:",					"        displayName: search",					"        type: string",					"    responses:",					"      200:",					"        body:",					"          application\/json:",					"            schema: getAccounts",					"            example: |",					"              [",					"                {",					"                  \"aid\":\"a-1\",",					"                  \"name\":\"Acme Corporation\",",					"                  \"region\":\"IN\",",					"                  \"address\":\"100 Main St\",",					"                  \"city\":\"San Francisco\",",					"                  \"state\" : \"CA\",",					"                  \"country\" : \"USA\",",					"                  \"formattedAddress\" : \"100 Main St, San Francisco, CA, USA\"",					"                },",					"                {",					"                  \"aid\":\"a-2\",",					"                  \"name\":\"ABC Incorporated\",",					"                  \"region\":\"NA\",",					"                  \"address\":\"200 Yonge St\",",					"                  \"city\":\"Toronto\",",					"                  \"state\" : \"ON\",",					"                  \"country\" : \"Canada\",",					"                  \"formattedAddress\" : \"200 Yonge St, Toronto, ON, Canada\"",					"                },",					"                {",					"                  \"aid\":\"a-3\",",					"                  \"name\":\"BritsrUs Limited\",",					"                  \"region\":\"EU\",",					"                  \"address\":\"47 Great Peter St\",",					"                  \"city\":\"London\",",					"                  \"state\" : \"SW1P\",",					"                  \"country\" : \"England\",",					"                  \"formattedAddress\" : \"47 Great Peter St, London, SW1P, England\"",					"                }",					"              ]",					"              ",					"  post:",					"    description: |",					"      Creates a new Account",					"      ",					"    protocols: [HTTPS]",					"    body:",					"      application\/json:",					"        schema: postAccount",					"        example: |",					"          {",					"              \"name\":\"New Account\",",					"              \"region\":\"IN\",",					"              \"address\" : \"100 Main Street\",",					"              \"city\":\"San Francisco\",",					"              \"state\" : \"CA\",",					"              \"country\" : \"USA\"",					"          }",					"          ",					"    responses:",					"      200:",					"        body:",					"          application\/json:",					"            schema: getAccount",					"            example: |",					"              {",					"                  \"aid\":\"a-100\",",					"                  \"name\":\"New Account\",",					"                  \"website\":\"www.new.com\",",					"                  \"region\":\"IN\",",					"                  \"address\":\"100 Main St\",",					"                  \"city\":\"San Francisco\",",					"                  \"state\" : \"CA\",",					"                  \"country\" : \"USA\",",					"                  \"formattedAddress\" : \"100 Main St, San Francisco, CA, USA\"    ",					"              }",					"              ",					"  \/{aid}:",					"    displayName: Account",					"    uriParameters:",					"      aid:",					"        displayName: aid",					"        type: string",					"        required: true",					"    get:",					"      description: |",					"        Returns a single Account by its id",					"        ",					"      responses:",					"        200:",					"          body:",					"            application\/json:",					"              schema: getAccount",					"              example: |",					"                {",					"                  \"aid\":\"a-1\",",					"                  \"name\":\"Acme Corporation\",",					"                  \"website\":\"www.acme.com\",",					"                  \"region\":\"IN\",",					"                  \"address\":\"100 Main St\",",					"                  \"city\":\"San Francisco\",",					"                  \"state\" : \"CA\",",					"                  \"country\" : \"USA\",",					"                  \"formattedAddress\" : \"100 Main St, San Francisco, CA, USA\"",					"                }",					"                ",					"    patch:",					"      description: |",					"        Updates the Account specified by the id",					"        ",					"      body:",					"        application\/json:",					"          schema: patchAccount",					"          example: |",					"            {",					"              \"name\":\"Updated Acme Corporation\",",					"              \"website\":\"www.acme.com\",",					"              \"region\":\"IN\",",					"              \"address\":\"100 Main St\",",					"              \"city\":\"San Francisco\",",					"              \"state\" : \"CA\",",					"              \"country\" : \"USA\"",					"            }",					"            ",					"      responses:",					"        200:",					"          body:",					"            application\/json:",					"              schema: getAccount",					"              example: |",					"                {",					"                  \"aid\":\"a-1\",",					"                  \"name\":\"U Acme Corporation\",",					"                  \"website\":\"www.uacme.com\",",					"                  \"region\":\"IN\",",					"                  \"address\":\"100 Main St\",",					"                  \"city\":\"San Francisco\",",					"                  \"state\" : \"CA\",",					"                  \"country\" : \"USA\",",					"                  \"formattedAddress\" : \"100 Main St, San Francisco, CA, USA\"",					"                }",					"                ",					"    \/opportunities:",					"      displayName: Account Opportunities",					"      get:",					"        description: |",					"          Returns all Opportunities for the specified Account",					"          ",					"        queryParameters:",					"          region:",					"            displayName: region",					"            description: |",					"              Specify a region code to filter the data returned.  Valid codes are:  ",					"              \"NA\" - North America",					"              \"SA\" - South America",					"              \"AP\" - Asia-Pacific",					"              \"EU\" - Europe",					"              ",					"            type: string",					"            example: |",					"              NA",					"              ",					"          winpercent:",					"            displayName: winpercent",					"            description: |",					"              Specify the minimum win percentage to filter the data returned.  ",					"              ",					"            type: integer",					"            minimum: 5",					"            maximum: 100",					"          revenue:",					"            displayName: revenue",					"            description: |",					"              Specify the minimum revenue to filter the data returned.  ",					"              ",					"            type: integer",					"          closein:",					"            displayName: closein",					"            description: |",					"              Specify the number of days the opportunity should close in to filter the opportunities return.  To return opportunities that will close in the next 90 days, use closein=90",					"              ",					"            type: integer",					"          salesstage:",					"            displayName: salesstage",					"            description: |",					"              Specify the sales stage to filter the data returned.  Valid values are: \"Prospect\", \"Appointment\", \"Qualification\", \"Presentation\", \"Discussion\", \"Closing\".",					"              ",					"            type: string",					"        responses:",					"          200:",					"            body:",					"              application\/json:",					"                schema: getAccountOpportunities",					"                example: |",					"                  [",					"                    {",					"                      \"oid\":\"o-1\",",					"                      \"aid\":\"a-1\",",					"                      \"desc\":\"Northern California Data Center\",",					"                      \"region\" : \"NA\",",					"                      \"winpercent\" : 95,",					"                      \"salesstage\" : \"Closing\",",					"                      \"revenue\" : 550000,",					"                      \"expectedclose\" : \"2016-03-23T00:00:00.000\",",					"                      \"createddate\" : \"2015-09-05T00:00:00.000\"",					"                    },",					"                    {",					"                      \"oid\":\"o-2\",",					"                      \"aid\":\"a-1\",",					"                      \"desc\":\"Southern California Re-cable Project\",",					"                      \"region\" : \"NA\",",					"                      \"winpercent\" : 35,",					"                      \"salesstage\" : \"Appointment\",",					"                      \"revenue\" : 350000,",					"                      \"expectedclose\" : \"2016-04-23T00:00:00.000\",",					"                      \"createddate\" : \"2016-01-03T00:00:00.000\"",					"                    }",					"                  ]",					"                  ",					"      post:",					"        description: |",					"          Creates a new Opportunity for the specified Account",					"          ",					"        body:",					"          application\/json:",					"            schema: postOpportunity",					"            example: |",					"              {",					"                \"desc\":\"New Opportunity\",",					"                \"region\" : \"NA\",",					"                \"winpercent\" : 95,",					"                \"salesstage\" : \"Closing\",",					"                \"revenue\" : 550000,",					"                \"products\" : \"EXA-Data2, A420 Cable, I5 Routers, A10 Switchees\",",					"                \"expectedclose\" : \"2016-03-23T00:00:00.000\"",					"              }",					"              ",					"        responses:",					"          200:",					"            body:",					"              application\/json:",					"                schema: getOpportunity",					"                example: |",					"                  {",					"                    \"oid\":\"o-100\",",					"                    \"aid\":\"a-1\",",					"                    \"desc\":\"New Opportunity\",",					"                    \"region\" : \"NA\",",					"                    \"winpercent\" : 95,",					"                    \"salesstage\" : \"Closing\",",					"                    \"revenue\" : 550000,",					"                    \"products\" : \"EXA-Data2, A420 Cable, I5 Routers, A10 Switchees\",",					"                    \"expectedclose\" : \"2016-03-23T00:00:00.000\",",					"                    \"createddate\" : \"2015-09-05T00:00:00.000\"",					"                  }",					"                  ",					"\/opportunities:",					"  displayName: Opportunities",					"  get:",					"    description: |",					"      Returns all Opportunities",					"      ",					"    protocols: [HTTPS]",					"    queryParameters:",					"      aid:",					"        displayName: aid",					"        description: |",					"          Specify this to get a list of opportunities for this account",					"          ",					"        type: string",					"        example: |",					"          a-1",					"          ",					"      region:",					"        displayName: region",					"        description: |",					"          Specify a region code to filter the data returned.  Valid codes are:  ",					"          \"NA\" - North America",					"          \"SA\" - South America",					"          \"AP\" - Asia-Pacific",					"          \"EU\" - Europe",					"          ",					"        type: string",					"        example: |",					"          NA",					"          ",					"      winpercent:",					"        displayName: winpercent",					"        description: |",					"          Specify the minimum win percentage to filter the data returned.  ",					"          ",					"        type: integer",					"        minimum: 5",					"        maximum: 100",					"      revenue:",					"        displayName: revenue",					"        description: |",					"          Specify the minimum revenue to filter the data returned.  ",					"          ",					"        type: integer",					"      closein:",					"        displayName: closein",					"        description: |",					"          Specify the number of days the opportunity should close in to filter the opportunities return.  To return opportunities that will close in the next 90 days, use closein=90",					"          ",					"        type: integer",					"      salesstage:",					"        displayName: salesstage",					"        description: |",					"          Specify the sales stage to filter the data returned.  Valid values are: \"Prospect\", \"Appointment\", \"Qualification\", \"Presentation\", \"Discussion\", \"Closing\".",					"          ",					"        type: string",					"      search:",					"        displayName: search",					"        type: string",					"    responses:",					"      200:",					"        body:",					"          application\/json:",					"            schema: getOpportunities",					"            example: |",					"              [{\"oid\":\"o-1\",\"aid\":\"a-1\",\"desc\":\"Northern California Data Center\",\"region\":\"NA\",\"winpercent\":95,\"salesstage\":\"Closing\",\"revenue\":550000,\"expectedclose\":\"2016-07-09T02:40:25.328\",\"createddate\":\"2015-09-05T00:00:00.000\"},",					"               {\"oid\":\"o-2\",\"aid\":\"a-1\",\"desc\":\"Southern California Re-cable Project\",\"region\":\"NA\",\"winpercent\":45,\"salesstage\":\"Appointment\",\"revenue\":350000,\"expectedclose\":\"2016-07-19T02:40:25.328\",\"createddate\":\"2016-01-03T00:00:00.000\"},",					"               {\"oid\":\"o-3\",\"aid\":\"a-1\",\"desc\":\"London Re-cable Project\",\"region\":\"EU\",\"winpercent\":35,\"salesstage\":\"Presentation\",\"revenue\":450000,\"expectedclose\":\"2016-09-07T02:40:25.328\",\"createddate\":\"2016-02-03T00:00:00.000\"},",					"               {\"oid\":\"o-4\",\"aid\":\"a-2\",\"desc\":\"Salt Lake Upgrade\",\"region\":\"NA\",\"winpercent\":95,\"salesstage\":\"Closing\",\"revenue\":750000,\"expectedclose\":\"2016-07-09T02:40:25.328\",\"createddate\":\"2015-09-05T00:00:00.000\"},{\"oid\":\"o-5\",\"aid\":\"a-2\",\"desc\":\"Jersey Install\",\"region\":\"NA\",\"winpercent\":55,\"salesstage\":\"Appointment\",\"revenue\":425000,\"expectedclose\":\"2016-08-08T02:40:25.328\",\"createddate\":\"2016-01-03T00:00:00.000\"},",					"               {\"oid\":\"o-6\",\"aid\":\"a-2\",\"desc\":\"Indiana Server Upgrade\",\"region\":\"NA\",\"winpercent\":65,\"salesstage\":\"Presentation\",\"revenue\":120000,\"expectedclose\":\"2016-09-07T02:40:25.328\",\"createddate\":\"2016-02-03T00:00:00.000\"},",					"               {\"oid\":\"o-7\",\"aid\":\"a-3\",\"desc\":\"LON DataCenter Install\",\"region\":\"EU\",\"winpercent\":75,\"salesstage\":\"Closing\",\"revenue\":550000,\"expectedclose\":\"2016-07-09T02:40:25.328\",\"createddate\":\"2015-09-05T00:00:00.000\"},",					"               {\"oid\":\"o-8\",\"aid\":\"a-3\",\"desc\":\"Denmark Project\",\"region\":\"EU\",\"winpercent\":75,\"salesstage\":\"Appointment\",\"revenue\":350000,\"expectedclose\":\"2016-08-08T02:40:25.328\",\"createddate\":\"2016-01-03T00:00:00.000\"},",					"               {\"oid\":\"o-9\",\"aid\":\"a-3\",\"desc\":\"Paris Bid\",\"region\":\"EU\",\"winpercent\":15,\"salesstage\":\"Presentation\",\"revenue\":450000,\"expectedclose\":\"2016-09-07T02:40:25.328Z\",\"createddate\":\"2016-02-03T00:00:00.000\"},",					"               {\"oid\":\"o-10\",\"aid\":\"a-4\",\"desc\":\"Hong Kong Redeployment\",\"region\":\"AP\",\"winpercent\":75,\"salesstage\":\"Discussion\",\"revenue\":555000,\"expectedclose\":\"2016-07-19T02:40:25.328Z\",\"createddate\":\"2015-09-05T00:00:00.000\"}",					"              ]",					"              ",					"  post:",					"    description: |",					"      Creates a new Opportunity",					"      ",					"    protocols: [HTTPS]",					"    body:",					"      application\/json:",					"        schema: postOpportunity",					"        example: |",					"          {",					"            \"desc\":\"New Opportunity\",",					"            \"region\" : \"NA\",",					"            \"winpercent\" : 95,",					"            \"salesstage\" : \"Closing\",",					"            \"revenue\" : 550000,",					"            \"products\" : \"EXA-Data2, A420 Cable, I5 Routers, A10 Switchees\",",					"            \"expectedclose\" : \"2016-03-23T00:00:00.000\"",					"          }",					"          ",					"    responses:",					"      200:",					"        body:",					"          application\/json:",					"            schema: getOpportunity",					"            example: |",					"              {",					"                \"oid\":\"o-100\",",					"                \"aid\":\"a-1\",",					"                \"desc\":\"New Opportunity\",",					"                \"region\" : \"NA\",",					"                \"winpercent\" : 95,",					"                \"salesstage\" : \"Closing\",",					"                \"revenue\" : 550000,",					"                \"products\" : \"EXA-Data2, A420 Cable, I5 Routers, A10 Switchees\",",					"                \"expectedclose\" : \"2016-03-23T00:00:00.000\",",					"                \"createddate\" : \"2015-09-05T00:00:00.000\"",					"              }",					"              ",					"  \/{oid}:",					"    displayName: Opportunity",					"    uriParameters:",					"      oid:",					"        displayName: oid",					"        type: string",					"        required: true",					"    get:",					"      description: |",					"        Returns the Opportunity specified by the id",					"        ",					"      responses:",					"        200:",					"          body:",					"            application\/json:",					"              schema: getOpportunity",					"              example: |",					"                {\"oid\":\"o-1\",\"aid\":\"a-1\",",					"                 \"desc\":\"Northern California Data Center\",",					"                 \"region\":\"NA\",",					"                 \"winpercent\":95,",					"                 \"salesstage\":\"Closing\",",					"                 \"revenue\":550000,",					"                 \"products\":\"EXA-Data2, A420 Cable, I5 Routers, A10 Switchees\",",					"                 \"expectedclose\":\"2016-07-09T02:40:25.328\",",					"                 \"createddate\":\"2015-09-05T00:00:00.000\",",					"                 \"account\":{\"aid\":\"a-1\",",					"                            \"name\":\"Acme Corporation\",",					"                            \"website\":\"http:\/\/www.acme.com\",",					"                            \"region\":\"IN\",",					"                            \"address\":\"100 Main St\",",					"                            \"city\":\"San Francisco\",",					"                            \"state\":\"CA\",",					"                            \"country\":\"USA\",",					"                            \"formattedAddress\" : \"100 Main St, San Francisco, CA, USA\"",					"                           }",					"                }",					"                ",					"    patch:",					"      description: |",					"        Updates the Opportunity specified by the id",					"        ",					"      body:",					"        application\/json:",					"          schema: postOpportunity",					"          example: |",					"            {",					"              \"desc\":\"Updated Opportunity\",",					"              \"region\" : \"NA\",",					"              \"winpercent\" : 95,",					"              \"salesstage\" : \"Closing\",",					"              \"revenue\" : 550000,",					"              \"products\" : \"EXA-Data2, A420 Cable, I5 Routers, A10 Switchees\",",					"              \"expectedclose\" : \"2016-03-23T00:00:00.000\"",					"            }",					"            ",					"      responses:",					"        200:",					"          body:",					"            application\/json:",					"              schema: getOpportunity",					"              example: |",					"                {",					"                  \"oid\":\"o-1\",",					"                  \"aid\":\"a-1\",",					"                  \"desc\":\"Northern California Data Center\",",					"                  \"region\" : \"NA\",",					"                  \"winpercent\" : 95,",					"                  \"salesstage\" : \"Closing\",",					"                  \"revenue\" : 550000,",					"                  \"products\" : \"EXA-Data2, A420 Cable, I5 Routers, A10 Switchees\",",					"                  \"expectedclose\" : \"2016-03-23T00:00:00.000\",",					"                  \"createddate\" : \"2015-09-05T00:00:00.000\"",					"                }",					"                ",					"    \/notes:",					"      displayName: Opportunity Notes",					"      get:",					"        description: |",					"          Returns the Notes for the specified Opportunity",					"          ",					"        responses:",					"          200:",					"            body:",					"              application\/json:",					"                schema: getOpportunityNotes",					"                example: |",					"                  [",					"                      {",					"                  \t\t\"nid\":\"n-1\",",					"                  \t\t\"aid\":\"a-1\",",					"                  \t\t\"oid\":\"o-1\",",					"                  \t\t\"username\":\"Terry TAM\",",					"                  \t\t\"createddate\" : \"2015-10-05T00:00:00.000\",",					"                  \t\t\"comment\" : \"The deal is going well and should close\"",					"                  \t },",					"                  \t {",					"                  \t    \"nid\":\"n-2\",",					"                  \t    \"aid\":\"a-1\",",					"                  \t    \"oid\":\"o-1\",",					"                  \t    \"username\":\"Terry TAM\",",					"                  \t    \"createddate\" : \"2015-10-07T00:00:00.000\",",					"                  \t    \"comment\" : \"We are writing up the contract\"",					"                  \t  }",					"                  ]",					"                  ",					"      post:",					"        description: |",					"          Creates a Note for the specified Opportunity",					"          ",					"        body:",					"          application\/json:",					"            schema: postNote",					"            example: |",					"              {",					"                 \"username\" : \"User1\",",					"                 \"comment\" : \"We are writing up the contract\"",					"              }",					"              ",					"        responses:",					"          200:",					"            body:",					"              application\/json:",					"                schema: getNote",					"                example: |",					"                  \t {",					"                  \t    \"nid\":\"n-200\",",					"                  \t    \"aid\":\"a-1\",",					"                  \t    \"oid\":\"o-1\",",					"                  \t    \"username\":\"Terry TAM\",",					"                  \t    \"createddate\" : \"2015-10-07T00:00:00.000\",",					"                  \t    \"comment\" : \"We are writing up the contract\"",					"                  \t  }",					"                  ",					"\/notes:",					"  displayName: Notes",					"  get:",					"    description: |",					"      Returns all Notes",					"      ",					"    protocols: [HTTPS]",					"    queryParameters:",					"      oid:",					"        displayName: oid",					"        description: |",					"          Specify this to get a list of notes for an opportunity.",					"          ",					"        type: string",					"        example: |",					"          o-1",					"          ",					"    responses:",					"      200:",					"        body:",					"          application\/json:",					"            schema: getNotes",					"            example: |",					"              [",					"                  {",					"              \t\t\"nid\":\"n-1\",",					"              \t\t\"aid\":\"a-1\",",					"              \t\t\"oid\":\"o-1\",",					"              \t\t\"username\":\"Terry TAM\",",					"              \t\t\"createddate\" : \"2015-10-05T00:00:00.000\",",					"              \t\t\"comment\" : \"The deal is going well and should close\"",					"              \t },",					"              \t {",					"              \t    \"nid\":\"n-2\",",					"              \t    \"aid\":\"a-1\",",					"              \t    \"oid\":\"o-1\",",					"              \t    \"username\":\"Terry TAM\",",					"              \t    \"createddate\" : \"2015-10-07T00:00:00.000\",",					"              \t    \"comment\" : \"We are writing up the contract\"",					"              \t  }",					"              ]",					"              ",					"  \/{nid}:",					"    uriParameters:",					"      nid:",					"        displayName: nid",					"        type: string",					"        required: true",					"    get:",					"      description: |",					"        Returns the Note specified by the id",					"        ",					"      responses:",					"        200:",					"          body:",					"            application\/json:",					"              schema: getNote",					"              example: |",					"                {",					"                \t\"nid\":\"n-1\",",					"                \t\"aid\":\"a-1\",\t\t",					"                    \"oid\":\"o-1\",",					"                \t\"username\":\"Terry TAM\",",					"                \t\"createddate\" : \"2015-10-05T00:00:00.000\",",					"                \t\"comment\" : \"The deal is going well and should close\"",					"                }",					"                ",					"\/statistics:",					"  displayName: Statistics",					"  get:",					"    description: |",					"      Returns summary statistics on opportunities",					"      ",					"    protocols: [HTTPS]",					"    responses:",					"      200:",					"        body:",					"          application\/json:",					"            schema: statistics",					"            example: |",					"              {",					"              \t\"revenue90d\" : 4000000,",					"              \t\"revenue60d\" : 2500000,",					"              \t\"revenue30d\" : 1500000,",					"              \t\"count90d\" : 6,",					"              \t\"count60d\" : 4,",					"              \t\"count30d\" : 2,",					"              \t\"count20winp\" : 2,",					"              \t\"count50winp\" : 3,",					"              \t\"count90winp\" : 2,",					"              \t\"INcount\" : 5,",					"              \t\"APcount\" : 1,",					"              \t\"NAcount\" : 4,",					"              \t\"SAcount\" : 1,",					"              \t\"EUcount\" : 0",					"               }",					"              "			  	]
	}	]
