category_path,questions,content
Username and Password,"What if I want to cancel my order?
null",To cancel your order please call to +919590956620 or SMS +919590956620 with your order number. 
Username and Password,How do I change my order?,To change your order please call to +919590956620 or SMS to +919590956620 with your new order item.
Username and Password,I do not have a username or password. Do I need one?,Your phone number is enough to place an order.
Account Security,How secure is my information?,"To protect your information and assets, CafeterialAssistance employs extensive physical, electronic, and procedural security controls, regularly adapting them as technology and threats evolve. Learn more about https://CafeterialAssistance.com/customeronly. Online Security at CafeterialAssistance"
Technical Support,When are foods and certain other items are unavailable on CafeterialAssistance?,"Foods and certain other items are not available on Saturday mornings from 4 a.m. to 5 a.m. ET, and on Sunday mornings from 3 a.m. to 7 a.m. ET."
Technical Support,What kind of mobile devices can I use to access CafeteriaAssistance Mobile®?,"Any Internet-enabled mobile device will allow access to CafeteriaAssistance Mobile. Once enrolled in a plan, you can access CafeteriaAssistance Mobile® from the browser of your device by bookmarking https://CafeteriaAssistance .com/customeronly. http://401k.com To take full advantage of the CafeteriaAssistance Mobile service, it's best to have a personal account or workplace account, along with the username and password you use to access your accounts online."
"Technical Support,Technical Support","What browsers work best with CafeteriaAssistance.com?
What plug-ins work best with CafeteriaAssistance.com?","CafeteriaAssistance website is best viewed, and is most secure, using the latest versions of these browsers. Get free upgrades here:https://CafeteriaAssistance.com/customeronly. Mozilla® Firefox"
