{
    "fields": [
        {
            "id": "id",
            "internal": true,
            "key": true,
            "oid": "91373dca-6da5-4cb6-96f3-1c77eff7a5b4",
            "required": true,
            "singularName": "Id",
            "type": "number",
            "unique": true
        },
        {
            "id": "creationDate",
            "internal": true,
            "oid": "7da0e878-5e19-4713-bfa1-ba3473c168d4",
            "singularName": "Created",
            "type": "datetime"
        },
        {
            "id": "lastUpdateDate",
            "internal": true,
            "oid": "54f00ec6-b3eb-4ba6-98f7-434f6153fad6",
            "singularName": "Last Updated",
            "type": "datetime"
        },
        {
            "id": "createdBy",
            "internal": true,
            "oid": "14f7ed10-89fe-49f3-9d4b-61745e4fd72f",
            "singularName": "Created By",
            "type": "string"
        },
        {
            "id": "lastUpdatedBy",
            "internal": true,
            "oid": "a20ad690-feae-4fe2-913f-d4c4de01f5d8",
            "singularName": "Last Updated By",
            "type": "string"
        },
        {
            "hidden": true,
            "id": "abcsChangeNumber",
            "internal": true,
            "oid": "185bc585-612c-4677-8885-e1778978abc6",
            "singularName": "<internal>",
            "type": "number"
        },
        {
            "id": "variant",
            "oid": "c2c3b99c-deda-4cb7-9ab9-a48239f37f2f",
            "singularName": "variant",
            "type": "string"
        },
        {
            "id": "wine",
            "oid": "9f74fd0d-6ca5-43ec-9eb7-b87138a4768f",
            "singularName": "wine",
            "type": "string"
        }
    ],
    "id": "Variant",
    "oid": "f64af181-ee58-447d-b8c7-584809a5b64c",
    "singularName": "Variant"
}