id,creationDate,lastUpdateDate,createdBy,lastUpdatedBy,variant,wine
1,2018-06-21T22:03:28,2018-06-21T22:03:28,cloud.admin,cloud.admin,white,Riesling
2,2018-06-21T22:03:28,2018-06-21T22:03:28,cloud.admin,cloud.admin,white,Chardonnay
3,2018-06-21T22:03:28,2018-06-21T22:03:28,cloud.admin,cloud.admin,white,Savignon Blanc
4,2018-06-21T22:03:28,2018-06-21T22:03:28,cloud.admin,cloud.admin,red,Syrah
5,2018-06-21T22:03:28,2018-06-21T22:03:28,cloud.admin,cloud.admin,red,Merlot
6,2018-06-21T22:03:28,2018-06-21T22:03:28,cloud.admin,cloud.admin,red,Pinot Noir
