{
  "name" : "ExitFlow",
  "type" : "NLPIntent",
  "intentParameters" : [ ],
  "exampleData" : [ {
    "sentence" : "Thanks",
    "exampleEntities" : [ ]
  }, {
    "sentence" : "thank you",
    "exampleEntities" : [ ]
  }, {
    "sentence" : "Thank you",
    "exampleEntities" : [ ]
  }, {
    "sentence" : "bye",
    "exampleEntities" : [ ]
  }, {
    "sentence" : "thanks",
    "exampleEntities" : [ ]
  }, {
    "sentence" : "Bye",
    "exampleEntities" : [ ]
  }, {
    "sentence" : "Great",
    "exampleEntities" : [ ]
  }, {
    "sentence" : "Thank You",
    "exampleEntities" : [ ]
  } ]
}