{
  "name" : "OrderBeverages",
  "type" : "NLPIntent",
  "intentParameters" : [ {
    "name" : "ItemSize",
    "required" : true,
    "entity" : "ItemSize"
  } ],
  "exampleData" : [ {
    "sentence" : "What kind of Beverages do you have?",
    "exampleEntities" : [ ]
  }, {
    "sentence" : "I want Beverages",
    "exampleEntities" : [ ]
  }, {
    "sentence" : "Can I get Beverages",
    "exampleEntities" : [ ]
  }, {
    "sentence" : "I want Beverages",
    "exampleEntities" : [ ]
  }, {
    "sentence" : "Beverages please",
    "exampleEntities" : [ ]
  } ]
}