{
  "name" : "OrderFood",
  "type" : "NLPIntent",
  "intentParameters" : [ {
    "name" : "PizzaSize",
    "required" : true,
    "entity" : "ItemSize"
  } ],
  "exampleData" : [ {
    "sentence" : "Show me food items",
    "exampleEntities" : [ ]
  }, {
    "sentence" : "order food",
    "exampleEntities" : [ ]
  }, {
    "sentence" : "food please",
    "exampleEntities" : [ ]
  }, {
    "sentence" : "Order food",
    "exampleEntities" : [ ]
  }, {
    "sentence" : "I want food",
    "exampleEntities" : [ ]
  }, {
    "sentence" : "can I get a food",
    "exampleEntities" : [ ]
  } ]
}