{
  "name" : "ShowMenu",
  "type" : "NLPIntent",
  "intentParameters" : [ ],
  "exampleData" : [ {
    "sentence" : "menu please",
    "exampleEntities" : [ ]
  }, {
    "sentence" : "what food do you have",
    "exampleEntities" : [ ]
  }, {
    "sentence" : "Hi There",
    "exampleEntities" : [ ]
  }, {
    "sentence" : "show menu",
    "exampleEntities" : [ ]
  }, {
    "sentence" : "hi",
    "exampleEntities" : [ ]
  }, {
    "sentence" : "what do you have?",
    "exampleEntities" : [ ]
  } ]
}