Project Name,Project Number,Accounting Year,Accounting Period Name,ITD Budget Cost,ITD Actual Cost
Municipal Building - Renovation,OAC19001,2019,01-19,423874.99999998,150067.41
Municipal Building - Renovation,OAC19001,2019,02-19,847749.99999996,515475.54
Municipal Building - Renovation,OAC19001,2019,03-19,1271624.99999994,961686.81
Municipal Building - Renovation,OAC19001,2019,04-19,1695499.99999992,1291221.74
Municipal Building - Renovation,OAC19001,2019,05-19,2119374.9999999,1993992.93
Municipal Building - Renovation,OAC19001,2019,06-19,2543249.99999988,2556360.65