Accounting Period End Date,Invoice Amount,Invoice Number,Accounting Period Start Date,Accounting Period Name,Budget and Actual Cost Variance,Task Name,Project Number,Project Name,Actual Cost - Specific Period,Budget Cost - Specific Period,Invoice Supplier,Supplier State,Supplier Country
2019-01-31,19166.56,BB19010,2019-01-01,01-19,13666.77333333,Furnishings,OAC19001,Municipal Building - Renovation,19166.56,32833.33333333,Bed-R Believe It!,DC,US
2019-01-31,43197.25,CP19008,2019-01-01,01-19,29302.75,Concrete,OAC19001,Municipal Building - Renovation,43197.25,72500,Concrete Proof LLC,NY,US
2019-01-31,16747.86,HD19002,2019-01-01,01-19,-5092.72,Doors & Windows,OAC19001,Municipal Building - Renovation,33592.72,28500,Hinged LLC,DC,US
2019-01-31,16844.86,HD19006,2019-01-01,01-19,-5092.72,Doors & Windows,OAC19001,Municipal Building - Renovation,33592.72,28500,Hinged LLC,DC,US
2019-01-31,10786.64,IT19003,2019-01-01,01-19,7546.69333333,Thermal & Moisture,OAC19001,Municipal Building - Renovation,10786.64,18333.33333333,Insulate This,DC,US
2019-01-31,11164.88,LJ19002,2019-01-01,01-19,7168.45333333,Woods & Plastics,OAC19001,Municipal Building - Renovation,11164.88,18333.33333333,Lumber Jocks,DC,US
2019-01-31,14302.98,RF19005,2019-01-01,01-19,10197.02,Mechanical/Plumbing,OAC19001,Municipal Building - Renovation,14302.98,24500,Royal Flush,DC,US
2019-01-31,17856.38,WW19005,2019-01-01,01-19,12310.28666666,Electrical,OAC19001,Municipal Building - Renovation,17856.38,30166.66666666,"Watts, Watts, Watts, Everybody!",DC,US
2019-02-28,19186.18,BB19002,2019-02-01,02-19,-26060.46666667,Furnishings,OAC19001,Municipal Building - Renovation,58893.8,32833.33333333,Bed-R Believe It!,DC,US
2019-02-28,19863.08,BB19004,2019-02-01,02-19,-26060.46666667,Furnishings,OAC19001,Municipal Building - Renovation,58893.8,32833.33333333,Bed-R Believe It!,DC,US
2019-02-28,19844.54,BB19007,2019-02-01,02-19,-26060.46666667,Furnishings,OAC19001,Municipal Building - Renovation,58893.8,32833.33333333,Bed-R Believe It!,DC,US
2019-02-28,9202.2,CBP19001,2019-02-01,02-19,6172.8,Steel Tariffs,OAC19001,Municipal Building - Renovation,9202.2,15375,US Customs and Border Protection,DC,US
2019-02-28,43640.37,CP19007,2019-02-01,02-19,-14130.75,Concrete,OAC19001,Municipal Building - Renovation,86630.75,72500,Concrete Proof LLC,NY,US
2019-02-28,42990.38,CP19010,2019-02-01,02-19,-14130.75,Concrete,OAC19001,Municipal Building - Renovation,86630.75,72500,Concrete Proof LLC,NY,US
2019-02-28,17313.56,HD19004,2019-02-01,02-19,11186.44,Doors & Windows,OAC19001,Municipal Building - Renovation,17313.56,28500,Hinged LLC,DC,US
2019-02-28,66792.64,HG19004,2019-02-01,02-19,42374.02666667,Steel,OAC19001,Municipal Building - Renovation,66792.64,109166.66666667,Hesteel Group,,CN
2019-02-28,10695.08,IT19007,2019-02-01,02-19,7638.25333333,Thermal & Moisture,OAC19001,Municipal Building - Renovation,10695.08,18333.33333333,Insulate This,DC,US
2019-02-28,32233.48,LU19001,2019-02-01,02-19,-10097.96666667,Conveying Systems,OAC19001,Municipal Building - Renovation,64931.3,54833.33333333,Lift Me Up LLC,DC,US
2019-02-28,32697.82,LU19004,2019-02-01,02-19,-10097.96666667,Conveying Systems,OAC19001,Municipal Building - Renovation,64931.3,54833.33333333,Lift Me Up LLC,DC,US
2019-02-28,14947.18,RF19009,2019-02-01,02-19,9552.82,Mechanical/Plumbing,OAC19001,Municipal Building - Renovation,14947.18,24500,Royal Flush,DC,US
2019-02-28,18260.78,WW19002,2019-02-01,02-19,-5834.95333334,Electrical,OAC19001,Municipal Building - Renovation,36001.62,30166.66666666,"Watts, Watts, Watts, Everybody!",DC,US
2019-02-28,17740.84,WW19008,2019-02-01,02-19,-5834.95333334,Electrical,OAC19001,Municipal Building - Renovation,36001.62,30166.66666666,"Watts, Watts, Watts, Everybody!",DC,US
2019-03-31,8948.4,CBP19002,2019-03-01,03-19,-2437.8,Steel Tariffs,OAC19001,Municipal Building - Renovation,17812.8,15375,US Customs and Border Protection,DC,US
2019-03-31,8864.4,CBP19003,2019-03-01,03-19,-2437.8,Steel Tariffs,OAC19001,Municipal Building - Renovation,17812.8,15375,US Customs and Border Protection,DC,US
2019-03-31,11461.36,CE19007,2019-03-01,03-19,-3558.86666667,Equipment,OAC19001,Municipal Building - Renovation,22892.2,19333.33333333,Constructively Equppied,DC,US
2019-03-31,11430.84,CE19008,2019-03-01,03-19,-3558.86666667,Equipment,OAC19001,Municipal Building - Renovation,22892.2,19333.33333333,Constructively Equppied,DC,US
2019-03-31,43469.43,CP19005,2019-03-01,03-19,29030.57,Concrete,OAC19001,Municipal Building - Renovation,43469.43,72500,Concrete Proof LLC,NY,US
2019-03-31,16799.08,HD19007,2019-03-01,03-19,11700.92,Doors & Windows,OAC19001,Municipal Building - Renovation,16799.08,28500,Hinged LLC,DC,US
2019-03-31,64340.77,HG19003,2019-03-01,03-19,-20124.57333333,Steel,OAC19001,Municipal Building - Renovation,129291.24,109166.66666667,Hesteel Group,,CN
2019-03-31,64950.47,HG19009,2019-03-01,03-19,-20124.57333333,Steel,OAC19001,Municipal Building - Renovation,129291.24,109166.66666667,Hesteel Group,,CN
2019-03-31,11052.6,IT19002,2019-03-01,03-19,-14373.22666667,Thermal & Moisture,OAC19001,Municipal Building - Renovation,32706.56,18333.33333333,Insulate This,DC,US
2019-03-31,10672.2,IT19005,2019-03-01,03-19,-14373.22666667,Thermal & Moisture,OAC19001,Municipal Building - Renovation,32706.56,18333.33333333,Insulate This,DC,US
2019-03-31,10981.76,IT19009,2019-03-01,03-19,-14373.22666667,Thermal & Moisture,OAC19001,Municipal Building - Renovation,32706.56,18333.33333333,Insulate This,DC,US
2019-03-31,10857.5,LJ19003,2019-03-01,03-19,-3516.82666667,Woods & Plastics,OAC19001,Municipal Building - Renovation,21850.16,18333.33333333,Lumber Jocks,DC,US
2019-03-31,10992.66,LJ19004,2019-03-01,03-19,-3516.82666667,Woods & Plastics,OAC19001,Municipal Building - Renovation,21850.16,18333.33333333,Lumber Jocks,DC,US
2019-03-31,33217.76,LU19003,2019-03-01,03-19,-44780.70666667,Conveying Systems,OAC19001,Municipal Building - Renovation,99614.04,54833.33333333,Lift Me Up LLC,DC,US
2019-03-31,33047.72,LU19006,2019-03-01,03-19,-44780.70666667,Conveying Systems,OAC19001,Municipal Building - Renovation,99614.04,54833.33333333,Lift Me Up LLC,DC,US
2019-03-31,33348.56,LU19009,2019-03-01,03-19,-44780.70666667,Conveying Systems,OAC19001,Municipal Building - Renovation,99614.04,54833.33333333,Lift Me Up LLC,DC,US
2019-03-31,14434.88,RF19001,2019-03-01,03-19,-19088.02,Mechanical/Plumbing,OAC19001,Municipal Building - Renovation,43588.02,24500,Royal Flush,DC,US
2019-03-31,14776.04,RF19006,2019-03-01,03-19,-19088.02,Mechanical/Plumbing,OAC19001,Municipal Building - Renovation,43588.02,24500,Royal Flush,DC,US
2019-03-31,14377.1,RF19007,2019-03-01,03-19,-19088.02,Mechanical/Plumbing,OAC19001,Municipal Building - Renovation,43588.02,24500,Royal Flush,DC,US
2019-03-31,18187.74,WW19006,2019-03-01,03-19,11978.92666666,Electrical,OAC19001,Municipal Building - Renovation,18187.74,30166.66666666,"Watts, Watts, Watts, Everybody!",DC,US
2019-04-30,19803.12,BB19005,2019-04-01,04-19,-26399.46666667,Furnishings,OAC19001,Municipal Building - Renovation,59232.8,32833.33333333,Bed-R Believe It!,DC,US
2019-04-30,19690.86,BB19006,2019-04-01,04-19,-26399.46666667,Furnishings,OAC19001,Municipal Building - Renovation,59232.8,32833.33333333,Bed-R Believe It!,DC,US
2019-04-30,19738.82,BB19009,2019-04-01,04-19,-26399.46666667,Furnishings,OAC19001,Municipal Building - Renovation,59232.8,32833.33333333,Bed-R Believe It!,DC,US
2019-04-30,11879.8,CBP19004,2019-04-01,04-19,3495.2,Steel Tariffs,OAC19001,Municipal Building - Renovation,11879.8,15375,US Customs and Border Protection,DC,US
2019-04-30,11889.72,CE19002,2019-04-01,04-19,-15735.24666667,Equipment,OAC19001,Municipal Building - Renovation,35068.58,19333.33333333,Constructively Equppied,DC,US
2019-04-30,11445,CE19003,2019-04-01,04-19,-15735.24666667,Equipment,OAC19001,Municipal Building - Renovation,35068.58,19333.33333333,Constructively Equppied,DC,US
2019-04-30,11733.86,CE19005,2019-04-01,04-19,-15735.24666667,Equipment,OAC19001,Municipal Building - Renovation,35068.58,19333.33333333,Constructively Equppied,DC,US
2019-04-30,42921.79,CP19001,2019-04-01,04-19,29578.21,Concrete,OAC19001,Municipal Building - Renovation,42921.79,72500,Concrete Proof LLC,NY,US
2019-04-30,17049.78,HD19009,2019-04-01,04-19,11450.22,Doors & Windows,OAC19001,Municipal Building - Renovation,17049.78,28500,Hinged LLC,DC,US
2019-04-30,64670.66,HG19008,2019-04-01,04-19,44496.00666667,Steel,OAC19001,Municipal Building - Renovation,64670.66,109166.66666667,Hesteel Group,,CN
2019-04-30,10833.52,IT19006,2019-04-01,04-19,-3481.94666667,Thermal & Moisture,OAC19001,Municipal Building - Renovation,21815.28,18333.33333333,Insulate This,DC,US
2019-04-30,10981.76,IT19010,2019-04-01,04-19,-3481.94666667,Thermal & Moisture,OAC19001,Municipal Building - Renovation,21815.28,18333.33333333,Insulate This,DC,US
2019-04-30,11092.94,LJ19010,2019-04-01,04-19,7240.39333333,Woods & Plastics,OAC19001,Municipal Building - Renovation,11092.94,18333.33333333,Lumber Jocks,DC,US
2019-04-30,33105.48,LU19002,2019-04-01,04-19,21727.85333333,Conveying Systems,OAC19001,Municipal Building - Renovation,33105.48,54833.33333333,Lift Me Up LLC,DC,US
2019-04-30,14529.7,RF19003,2019-04-01,04-19,9970.3,Mechanical/Plumbing,OAC19001,Municipal Building - Renovation,14529.7,24500,Royal Flush,DC,US
2019-04-30,18168.12,WW19007,2019-04-01,04-19,11998.54666666,Electrical,OAC19001,Municipal Building - Renovation,18168.12,30166.66666666,"Watts, Watts, Watts, Everybody!",DC,US
2019-05-31,20051.64,BB19001,2019-05-01,05-19,-25968.90666667,Furnishings,OAC19001,Municipal Building - Renovation,58802.24,32833.33333333,Bed-R Believe It!,DC,US
2019-05-31,19180.74,BB19003,2019-05-01,05-19,-25968.90666667,Furnishings,OAC19001,Municipal Building - Renovation,58802.24,32833.33333333,Bed-R Believe It!,DC,US
2019-05-31,19569.86,BB19008,2019-05-01,05-19,-25968.90666667,Furnishings,OAC19001,Municipal Building - Renovation,58802.24,32833.33333333,Bed-R Believe It!,DC,US
2019-05-31,12181.2,CBP19005,2019-05-01,05-19,-20984.2,Steel Tariffs,OAC19001,Municipal Building - Renovation,36359.2,15375,US Customs and Border Protection,DC,US
2019-05-31,12116,CBP19006,2019-05-01,05-19,-20984.2,Steel Tariffs,OAC19001,Municipal Building - Renovation,36359.2,15375,US Customs and Border Protection,DC,US
2019-05-31,12062,CBP19007,2019-05-01,05-19,-20984.2,Steel Tariffs,OAC19001,Municipal Building - Renovation,36359.2,15375,US Customs and Border Protection,DC,US
2019-05-31,11658.64,CE19009,2019-05-01,05-19,-3789.92666667,Equipment,OAC19001,Municipal Building - Renovation,23123.26,19333.33333333,Constructively Equppied,DC,US
2019-05-31,11464.62,CE19010,2019-05-01,05-19,-3789.92666667,Equipment,OAC19001,Municipal Building - Renovation,23123.26,19333.33333333,Constructively Equppied,DC,US
2019-05-31,42510.24,CP19002,2019-05-01,05-19,-57986.69,Concrete,OAC19001,Municipal Building - Renovation,130486.69,72500,Concrete Proof LLC,NY,US
2019-05-31,43385.6,CP19003,2019-05-01,05-19,-57986.69,Concrete,OAC19001,Municipal Building - Renovation,130486.69,72500,Concrete Proof LLC,NY,US
2019-05-31,44590.85,CP19006,2019-05-01,05-19,-57986.69,Concrete,OAC19001,Municipal Building - Renovation,130486.69,72500,Concrete Proof LLC,NY,US
2019-05-31,16801.26,HD19001,2019-05-01,05-19,-5482.94,Doors & Windows,OAC19001,Municipal Building - Renovation,33982.94,28500,Hinged LLC,DC,US
2019-05-31,17181.68,HD19003,2019-05-01,05-19,-5482.94,Doors & Windows,OAC19001,Municipal Building - Renovation,33982.94,28500,Hinged LLC,DC,US
2019-05-31,65662.51,HG19001,2019-05-01,05-19,-88763.73333333,Steel,OAC19001,Municipal Building - Renovation,197930.4,109166.66666667,Hesteel Group,,CN
2019-05-31,65956.48,HG19002,2019-05-01,05-19,-88763.73333333,Steel,OAC19001,Municipal Building - Renovation,197930.4,109166.66666667,Hesteel Group,,CN
2019-05-31,66311.41,HG19006,2019-05-01,05-19,-88763.73333333,Steel,OAC19001,Municipal Building - Renovation,197930.4,109166.66666667,Hesteel Group,,CN
2019-05-31,11003.56,LJ19005,2019-05-01,05-19,-25510.84666667,Woods & Plastics,OAC19001,Municipal Building - Renovation,43844.18,18333.33333333,Lumber Jocks,DC,US
2019-05-31,11104.92,LJ19006,2019-05-01,05-19,-25510.84666667,Woods & Plastics,OAC19001,Municipal Building - Renovation,43844.18,18333.33333333,Lumber Jocks,DC,US
2019-05-31,10779.02,LJ19008,2019-05-01,05-19,-25510.84666667,Woods & Plastics,OAC19001,Municipal Building - Renovation,43844.18,18333.33333333,Lumber Jocks,DC,US
2019-05-31,10956.68,LJ19009,2019-05-01,05-19,-25510.84666667,Woods & Plastics,OAC19001,Municipal Building - Renovation,43844.18,18333.33333333,Lumber Jocks,DC,US
2019-05-31,32401.34,LU19005,2019-05-01,05-19,-75566.64666667,Conveying Systems,OAC19001,Municipal Building - Renovation,130399.98,54833.33333333,Lift Me Up LLC,DC,US
2019-05-31,33243.92,LU19007,2019-05-01,05-19,-75566.64666667,Conveying Systems,OAC19001,Municipal Building - Renovation,130399.98,54833.33333333,Lift Me Up LLC,DC,US
2019-05-31,32231.3,LU19008,2019-05-01,05-19,-75566.64666667,Conveying Systems,OAC19001,Municipal Building - Renovation,130399.98,54833.33333333,Lift Me Up LLC,DC,US
2019-05-31,32523.42,LU19010,2019-05-01,05-19,-75566.64666667,Conveying Systems,OAC19001,Municipal Building - Renovation,130399.98,54833.33333333,Lift Me Up LLC,DC,US
2019-05-31,14757.52,RF19004,2019-05-01,05-19,-5017.22,Mechanical/Plumbing,OAC19001,Municipal Building - Renovation,29517.22,24500,Royal Flush,DC,US
2019-05-31,14759.7,RF19010,2019-05-01,05-19,-5017.22,Mechanical/Plumbing,OAC19001,Municipal Building - Renovation,29517.22,24500,Royal Flush,DC,US
2019-05-31,18325.08,WW19010,2019-05-01,05-19,11841.58666666,Electrical,OAC19001,Municipal Building - Renovation,18325.08,30166.66666666,"Watts, Watts, Watts, Everybody!",DC,US
2019-06-30,12050,CBP19008,2019-06-01,06-19,-20655.6,Steel Tariffs,OAC19001,Municipal Building - Renovation,36030.6,15375,US Customs and Border Protection,DC,US
2019-06-30,11747.2,CBP19009,2019-06-01,06-19,-20655.6,Steel Tariffs,OAC19001,Municipal Building - Renovation,36030.6,15375,US Customs and Border Protection,DC,US
2019-06-30,12233.4,CBP19010,2019-06-01,06-19,-20655.6,Steel Tariffs,OAC19001,Municipal Building - Renovation,36030.6,15375,US Customs and Border Protection,DC,US
2019-06-30,11630.3,CE19001,2019-06-01,06-19,-15535.78666667,Equipment,OAC19001,Municipal Building - Renovation,34869.12,19333.33333333,Constructively Equppied,DC,US
2019-06-30,11616.14,CE19004,2019-06-01,06-19,-15535.78666667,Equipment,OAC19001,Municipal Building - Renovation,34869.12,19333.33333333,Constructively Equppied,DC,US
2019-06-30,11622.68,CE19006,2019-06-01,06-19,-15535.78666667,Equipment,OAC19001,Municipal Building - Renovation,34869.12,19333.33333333,Constructively Equppied,DC,US
2019-06-30,43101.44,CP19004,2019-06-01,06-19,-15239.1,Concrete,OAC19001,Municipal Building - Renovation,87739.1,72500,Concrete Proof LLC,NY,US
2019-06-30,44637.66,CP19009,2019-06-01,06-19,-15239.1,Concrete,OAC19001,Municipal Building - Renovation,87739.1,72500,Concrete Proof LLC,NY,US
2019-06-30,17267.78,HD19005,2019-06-01,06-19,-23595.46,Doors & Windows,OAC19001,Municipal Building - Renovation,52095.46,28500,Hinged LLC,DC,US
2019-06-30,17402.94,HD19008,2019-06-01,06-19,-23595.46,Doors & Windows,OAC19001,Municipal Building - Renovation,52095.46,28500,Hinged LLC,DC,US
2019-06-30,17424.74,HD19010,2019-06-01,06-19,-23595.46,Doors & Windows,OAC19001,Municipal Building - Renovation,52095.46,28500,Hinged LLC,DC,US
2019-06-30,66595.57,HG19005,2019-06-01,06-19,-86974.91333333,Steel,OAC19001,Municipal Building - Renovation,196141.58,109166.66666667,Hesteel Group,,CN
2019-06-30,65597.19,HG19007,2019-06-01,06-19,-86974.91333333,Steel,OAC19001,Municipal Building - Renovation,196141.58,109166.66666667,Hesteel Group,,CN
2019-06-30,63948.82,HG19010,2019-06-01,06-19,-86974.91333333,Steel,OAC19001,Municipal Building - Renovation,196141.58,109166.66666667,Hesteel Group,,CN
2019-06-30,11027.54,IT19001,2019-06-01,06-19,-14214.08666667,Thermal & Moisture,OAC19001,Municipal Building - Renovation,32547.42,18333.33333333,Insulate This,DC,US
2019-06-30,10679.82,IT19004,2019-06-01,06-19,-14214.08666667,Thermal & Moisture,OAC19001,Municipal Building - Renovation,32547.42,18333.33333333,Insulate This,DC,US
2019-06-30,10840.06,IT19008,2019-06-01,06-19,-14214.08666667,Thermal & Moisture,OAC19001,Municipal Building - Renovation,32547.42,18333.33333333,Insulate This,DC,US
2019-06-30,10691.82,LJ19001,2019-06-01,06-19,-3285.74666667,Woods & Plastics,OAC19001,Municipal Building - Renovation,21619.08,18333.33333333,Lumber Jocks,DC,US
2019-06-30,10927.26,LJ19007,2019-06-01,06-19,-3285.74666667,Woods & Plastics,OAC19001,Municipal Building - Renovation,21619.08,18333.33333333,Lumber Jocks,DC,US
2019-06-30,14585.3,RF19002,2019-06-01,06-19,-4640.08,Mechanical/Plumbing,OAC19001,Municipal Building - Renovation,29140.08,24500,Royal Flush,DC,US
2019-06-30,14554.78,RF19008,2019-06-01,06-19,-4640.08,Mechanical/Plumbing,OAC19001,Municipal Building - Renovation,29140.08,24500,Royal Flush,DC,US
2019-06-30,17763.74,WW19001,2019-06-01,06-19,-42018.61333334,Electrical,OAC19001,Municipal Building - Renovation,72185.28,30166.66666666,"Watts, Watts, Watts, Everybody!",DC,US
2019-06-30,18322.9,WW19003,2019-06-01,06-19,-42018.61333334,Electrical,OAC19001,Municipal Building - Renovation,72185.28,30166.66666666,"Watts, Watts, Watts, Everybody!",DC,US
2019-06-30,18328.36,WW19004,2019-06-01,06-19,-42018.61333334,Electrical,OAC19001,Municipal Building - Renovation,72185.28,30166.66666666,"Watts, Watts, Watts, Everybody!",DC,US
2019-06-30,17770.28,WW19009,2019-06-01,06-19,-42018.61333334,Electrical,OAC19001,Municipal Building - Renovation,72185.28,30166.66666666,"Watts, Watts, Watts, Everybody!",DC,US