Project Name,Project Number,Accounting Year,Accounting Period Name,Task Name,Task Number,ITD Budget Cost,ITD Actual Cost,ITD Budget and Actual Cost Variance
Municipal Building - Renovation,OAC19001,2019,19-Jun,Concrete,1,435000,434445.01,554.99
Municipal Building - Renovation,OAC19001,2019,19-Jun,Electrical,10,181000,180724.22,275.78
Municipal Building - Renovation,OAC19001,2019,19-Jun,Steel,2.1,655000,654826.52,173.48
Municipal Building - Renovation,OAC19001,2019,19-Jun,Steel Tariffs,2.2,92250,111284.6,-19034.6
Municipal Building - Renovation,OAC19001,2019,19-Jun,Woods & Plastics,3,110000,109571.24,428.76
Municipal Building - Renovation,OAC19001,2019,19-Jun,Thermal & Moisture,4,110000,108550.98,1449.02
Municipal Building - Renovation,OAC19001,2019,19-Jun,Doors & Windows,5,171000,170833.54,166.46
Municipal Building - Renovation,OAC19001,2019,19-Jun,Equipment,6,116000,115953.16,46.83999998
Municipal Building - Renovation,OAC19001,2019,19-Jun,Furnishings,7,197000,196095.4,904.6
Municipal Building - Renovation,OAC19001,2019,19-Jun,Conveying Systems,8,329000,328050.8,949.2
Municipal Building - Renovation,OAC19001,2019,19-Jun,Mechanical/Plumbing,9,147000,146025.18,974.82