{
  "pageModelVersion": "18.2.3",
  "title": "My start page",
  "description": "The starting page of the flow",
  "variables": {
    "inventoryListServiceDataProvider": {
      "type": "vb/ServiceDataProvider",
      "defaultValue": {
        "endpoint": "businessObjects/getall_Inventory",
        "idAttribute": "id",
        "itemsPath": "items",
        "responseType": "flow:getallInventoryResponse"
      }
    },
    "oj_list_view_767300083_1SelectedId": {
      "type": "string",
      "defaultValue": ""
    }
  },
  "types": {},
  "chains": {
    "navigateToCreateInventoryChain": {
      "root": "navigateToCreate",
      "actions": {
        "navigateToCreate": {
          "module": "vb/action/builtin/navigateToPageAction",
          "parameters": {
            "history": "push",
            "page": "CreateInventory",
            "params": {}
          },
          "outcomes": {
            "success": ""
          }
        }
      }
    },
    "oj_list_view_767300083_1ChangeSelectionChain": {
      "variables": {
        "inventoryId": {
          "type": "string",
          "input": "fromCaller",
          "defaultValue": ""
        }
      },
      "root": "assignVariable",
      "actions": {
        "assignVariable": {
          "module": "vb/action/builtin/assignVariablesAction",
          "parameters": {
            "$page.variables.oj_list_view_767300083_1SelectedId": {
              "source": "[[ $chain.variables.inventoryId ]]"
            }
          },
          "outcomes": {
            "success": ""
          }
        }
      }
    },
    "navigateToEditInventoryChain": {
      "root": "navigateToEdit",
      "actions": {
        "navigateToEdit": {
          "module": "vb/action/builtin/navigateToPageAction",
          "parameters": {
            "history": "push",
            "page": "EditInventory",
            "params": {
              "inventoryId": "[[ $page.variables.oj_list_view_767300083_1SelectedId ]]"
            }
          },
          "outcomes": {
            "success": ""
          }
        }
      }
    }
  },
  "eventListeners": {
    "createInventoryButtonClicked": {
      "chains": [
        {
          "chainId": "navigateToCreateInventoryChain"
        }
      ]
    },
    "oj_list_view_767300083_1SelectionChanged": {
      "chains": [
        {
          "chainId": "oj_list_view_767300083_1ChangeSelectionChain",
          "parameters": {
            "inventoryId": "[[ $event.detail.value[0] || '' ]]"
          }
        }
      ]
    },
    "editInventoryButtonClicked": {
      "chains": [
        {
          "chainId": "navigateToEditInventoryChain"
        }
      ]
    }
  },
  "imports": {
    "components": {
      "oj-list-view": {
        "path": "ojs/ojlistview"
      },
      "oj-vb-list-item": {
        "path": "vb/components/list-item/loader"
      },
      "oj-toolbar": {
        "path": "ojs/ojtoolbar"
      },
      "oj-button": {
        "path": "ojs/ojbutton"
      }
    }
  }
}